slot,address,raw,action
0,0xC600,08 ff 00 00,Internal/extended action 08 ff 00 00 (preserve)
1,0xC604,08 07 00 00,Internal/extended action 08 07 00 00 (preserve)
2,0xC608,00 00 00 00,Zero action; behavior unverified
3,0xC60C,00 00 00 00,Zero action; behavior unverified
4,0xC610,00 00 00 00,Zero action; behavior unverified
5,0xC614,00 00 00 00,Zero action; behavior unverified
6,0xC618,02 00 01 83,Internal/extended action 02 00 01 83 (preserve)
7,0xC61C,08 09 13 00,Internal/extended action 08 09 13 00 (preserve)
8,0xC620,07 00 00 05,Internal/extended action 07 00 00 05 (preserve)
9,0xC624,00 00 00 00,Zero action; behavior unverified
10,0xC628,00 00 00 00,Zero action; behavior unverified
11,0xC62C,00 00 00 00,Zero action; behavior unverified
12,0xC630,02 00 00 ea,Internal/extended action 02 00 00 ea (preserve)
13,0xC634,00 00 00 00,Zero action; behavior unverified
14,0xC638,07 00 00 06,Internal/extended action 07 00 00 06 (preserve)
15,0xC63C,00 00 00 00,Zero action; behavior unverified
16,0xC640,00 00 00 00,Zero action; behavior unverified
17,0xC644,00 00 00 00,Zero action; behavior unverified
18,0xC648,02 00 00 e9,Internal/extended action 02 00 00 e9 (preserve)
19,0xC64C,00 00 00 00,Zero action; behavior unverified
20,0xC650,07 00 00 07,Internal/extended action 07 00 00 07 (preserve)
21,0xC654,00 00 00 00,Zero action; behavior unverified
22,0xC658,00 00 00 00,Zero action; behavior unverified
23,0xC65C,00 00 00 00,Zero action; behavior unverified
24,0xC660,02 00 00 e2,Internal/extended action 02 00 00 e2 (preserve)
25,0xC664,00 00 00 00,Zero action; behavior unverified
26,0xC668,07 00 00 08,Internal/extended action 07 00 00 08 (preserve)
27,0xC66C,00 00 00 00,Zero action; behavior unverified
28,0xC670,00 00 00 00,Zero action; behavior unverified
29,0xC674,00 00 00 00,Zero action; behavior unverified
30,0xC678,02 00 00 b7,Internal/extended action 02 00 00 b7 (preserve)
31,0xC67C,00 00 00 00,Zero action; behavior unverified
32,0xC680,00 00 00 00,Zero action; behavior unverified
33,0xC684,07 00 00 0a,Internal/extended action 07 00 00 0a (preserve)
34,0xC688,00 00 00 00,Zero action; behavior unverified
35,0xC68C,00 00 00 00,Zero action; behavior unverified
36,0xC690,02 00 00 b6,Internal/extended action 02 00 00 b6 (preserve)
37,0xC694,00 00 00 00,Zero action; behavior unverified
38,0xC698,00 00 00 00,Zero action; behavior unverified
39,0xC69C,00 00 00 00,Zero action; behavior unverified
40,0xC6A0,00 00 00 00,Zero action; behavior unverified
41,0xC6A4,00 00 00 00,Zero action; behavior unverified
42,0xC6A8,02 00 00 cd,Internal/extended action 02 00 00 cd (preserve)
43,0xC6AC,00 00 00 00,Zero action; behavior unverified
44,0xC6B0,00 00 00 00,Zero action; behavior unverified
45,0xC6B4,00 00 00 00,Zero action; behavior unverified
46,0xC6B8,00 00 00 00,Zero action; behavior unverified
47,0xC6BC,00 00 00 00,Zero action; behavior unverified
48,0xC6C0,02 00 00 b5,Internal/extended action 02 00 00 b5 (preserve)
49,0xC6C4,00 00 00 00,Zero action; behavior unverified
50,0xC6C8,00 00 00 00,Zero action; behavior unverified
51,0xC6CC,00 00 00 00,Zero action; behavior unverified
52,0xC6D0,00 00 00 00,Zero action; behavior unverified
53,0xC6D4,00 00 00 00,Zero action; behavior unverified
54,0xC6D8,02 00 01 8a,Internal/extended action 02 00 01 8a (preserve)
55,0xC6DC,00 00 00 00,Zero action; behavior unverified
56,0xC6E0,00 00 00 00,Zero action; behavior unverified
57,0xC6E4,00 00 00 00,Zero action; behavior unverified
58,0xC6E8,00 00 00 00,Zero action; behavior unverified
59,0xC6EC,0d 00 00 00,Fn action (preserve)
60,0xC6F0,02 00 02 23,Internal/extended action 02 00 02 23 (preserve)
61,0xC6F4,00 00 00 00,Zero action; behavior unverified
62,0xC6F8,00 00 00 00,Zero action; behavior unverified
63,0xC6FC,00 00 00 00,Zero action; behavior unverified
64,0xC700,00 00 00 00,Zero action; behavior unverified
65,0xC704,00 00 00 00,Zero action; behavior unverified
66,0xC708,02 00 01 94,Internal/extended action 02 00 01 94 (preserve)
67,0xC70C,08 04 02 00,Internal/extended action 08 04 02 00 (preserve)
68,0xC710,00 00 00 00,Zero action; behavior unverified
69,0xC714,00 00 00 00,Zero action; behavior unverified
70,0xC718,00 00 00 00,Zero action; behavior unverified
71,0xC71C,00 00 00 00,Zero action; behavior unverified
72,0xC720,02 00 01 92,Internal/extended action 02 00 01 92 (preserve)
73,0xC724,08 04 01 00,Internal/extended action 08 04 01 00 (preserve)
74,0xC728,00 00 00 00,Zero action; behavior unverified
75,0xC72C,08 00 00 00,Internal/extended action 08 00 00 00 (preserve)
76,0xC730,00 00 00 00,Zero action; behavior unverified
77,0xC734,00 00 00 00,Zero action; behavior unverified
78,0xC738,00 00 00 00,Zero action; behavior unverified
79,0xC73C,00 00 00 00,Zero action; behavior unverified
80,0xC740,08 00 00 00,Internal/extended action 08 00 00 00 (preserve)
81,0xC744,00 00 00 00,Zero action; behavior unverified
82,0xC748,07 00 00 1b,Internal/extended action 07 00 00 1b (preserve)
83,0xC74C,08 01 00 00,Internal/extended action 08 01 00 00 (preserve)
84,0xC750,00 00 00 00,Zero action; behavior unverified
85,0xC754,00 00 00 00,Zero action; behavior unverified
86,0xC758,00 00 00 00,Zero action; behavior unverified
87,0xC75C,00 00 00 00,Zero action; behavior unverified
88,0xC760,08 03 01 00,Internal/extended action 08 03 01 00 (preserve)
89,0xC764,08 03 02 00,Internal/extended action 08 03 02 00 (preserve)
90,0xC768,00 00 00 00,Zero action; behavior unverified
91,0xC76C,00 00 00 4a,Home
92,0xC770,00 00 00 46,Print Screen
93,0xC774,00 00 00 48,Pause
94,0xC778,00 00 00 49,Insert
95,0xC77C,08 02 00 00,Internal/extended action 08 02 00 00 (preserve)
96,0xC780,00 00 00 00,Zero action; behavior unverified
97,0xC784,00 00 00 00,Zero action; behavior unverified
98,0xC788,00 00 00 00,Zero action; behavior unverified
99,0xC78C,00 00 00 00,Zero action; behavior unverified
100,0xC790,00 00 00 00,Zero action; behavior unverified
101,0xC794,00 00 00 00,Zero action; behavior unverified
102,0xC798,00 00 00 00,Zero action; behavior unverified
103,0xC79C,00 00 00 00,Zero action; behavior unverified
104,0xC7A0,00 00 00 00,Zero action; behavior unverified
105,0xC7A4,00 00 00 00,Zero action; behavior unverified
106,0xC7A8,00 00 00 00,Zero action; behavior unverified
107,0xC7AC,00 00 00 00,Zero action; behavior unverified
108,0xC7B0,00 00 00 00,Zero action; behavior unverified
109,0xC7B4,00 00 00 00,Zero action; behavior unverified
110,0xC7B8,00 00 00 00,Zero action; behavior unverified
111,0xC7BC,00 00 00 00,Zero action; behavior unverified
112,0xC7C0,00 00 00 00,Zero action; behavior unverified
113,0xC7C4,00 00 00 00,Zero action; behavior unverified
114,0xC7C8,00 00 00 00,Zero action; behavior unverified
115,0xC7CC,00 00 00 00,Zero action; behavior unverified
116,0xC7D0,00 00 00 00,Zero action; behavior unverified
117,0xC7D4,00 00 00 00,Zero action; behavior unverified
118,0xC7D8,00 00 00 00,Zero action; behavior unverified
119,0xC7DC,00 00 00 00,Zero action; behavior unverified
120,0xC7E0,00 00 00 00,Zero action; behavior unverified
121,0xC7E4,00 00 00 00,Zero action; behavior unverified
122,0xC7E8,00 00 00 00,Zero action; behavior unverified
123,0xC7EC,00 00 00 00,Zero action; behavior unverified
124,0xC7F0,00 00 00 00,Zero action; behavior unverified
125,0xC7F4,00 00 00 00,Zero action; behavior unverified
126,0xC7F8,00 00 00 00,Zero action; behavior unverified
127,0xC7FC,00 00 00 00,Zero action; behavior unverified
